CustomerID,StreakStart,StreakEnd,ConsecutiveGrowthMonths,SpendInStreak
13090,2011-02,2011-11,7,7244.28
15189,2011-03,2011-08,6,9785.48
17623,2010-05,2011-11,6,2186.62
15660,2010-03,2010-12,6,1312.43
17850,2010-03,2010-12,5,39609.84
15838,2010-06,2010-11,5,38001.86
17381,2010-08,2010-12,5,14978.14
17841,2011-03,2011-07,5,13387.02
16253,2010-01,2011-10,5,6931.02
15290,2011-05,2011-10,5,4299.85
18109,2011-08,2011-12,5,4265.81
13267,2010-07,2010-12,5,3427.21
16168,2010-03,2010-07,5,3112.91
15005,2011-02,2011-06,5,2876.34
16161,2010-04,2010-08,5,2812.26
17188,2010-05,2011-01,5,2561.95
12417,2011-01,2011-08,5,2525.18
13021,2011-03,2011-11,5,2153.6
13266,2010-03,2010-10,5,2005.23
16011,2010-07,2010-12,5,1861.72
14562,2010-08,2011-04,5,1832.91
16125,2010-07,2010-12,5,1679.53
13571,2011-07,2011-11,5,1585.01
15867,2011-03,2011-07,5,1553.78
15953,2010-08,2010-12,5,1469.67
16684,2010-01,2010-06,4,27800.56
13777,2010-09,2010-12,4,26280.82
13777,2011-08,2011-11,4,11426.39
13802,2010-03,2010-06,4,10927.57
13408,2010-09,2010-12,4,9735.22
16180,2011-05,2011-08,4,9073.3
17044,2010-05,2010-11,4,8843.54
16705,2011-05,2011-10,4,7554.6
14194,2011-08,2011-11,4,6337.77
15039,2010-03,2010-06,4,5704.02
16839,2010-12,2011-03,4,5476.86
14051,2010-08,2010-12,4,5339.25
15950,2010-03,2010-11,4,4858.54
16873,2011-05,2011-12,4,4437.05
15615,2011-04,2011-08,4,4395.97
12709,2011-05,2011-09,4,4373.83
16008,2010-07,2010-11,4,4055.96
12481,2011-03,2011-10,4,4015.09
13178,2010-02,2010-06,4,3961.18
13758,2010-04,2010-12,4,3949.63
12583,2010-09,2010-12,4,3947.87
15615,2010-03,2010-06,4,3826.49
17838,2010-05,2010-12,4,3737.49
16003,2010-03,2010-12,4,3671.59
17406,2010-07,2011-01,4,3496.08
12957,2011-05,2011-11,4,3273.35
13269,2010-09,2011-04,4,3231.34
17716,2010-11,2011-06,4,2978.24
13421,2010-08,2011-10,4,2961.83
13555,2010-04,2010-10,4,2851.23
13269,2011-08,2011-11,4,2346.78
17738,2010-09,2011-07,4,2328.13
13435,2010-11,2011-09,4,2314.51
16347,2010-09,2011-11,4,2275.41
14854,2010-11,2011-06,4,2240.63
14044,2010-02,2010-10,4,2225.11
17338,2010-05,2010-08,4,2210.29
13004,2011-08,2011-11,4,2198.89
17019,2010-03,2010-11,4,2163.91
16626,2011-08,2011-11,4,2058.85
16556,2011-05,2011-10,4,2044.73
18109,2011-03,2011-06,4,2028.77
13982,2010-05,2010-12,4,1946.74
15867,2010-09,2010-12,4,1925.0
17307,2010-08,2010-11,4,1909.63
13871,2010-06,2011-03,4,1884.5
16369,2010-09,2011-11,4,1880.01
16771,2010-09,2011-03,4,1764.11
13659,2010-07,2011-01,4,1763.15
16174,2010-05,2011-07,4,1738.75
17287,2010-06,2010-11,4,1727.51
14092,2010-05,2010-09,4,1719.65
16098,2010-02,2010-08,4,1703.33
18229,2010-05,2010-10,4,1700.45
14540,2010-02,2010-10,4,1681.34
14344,2010-08,2010-12,4,1666.0
18170,2010-02,2010-11,4,1639.3
16351,2010-02,2010-05,4,1626.31
15628,2010-02,2010-08,4,1559.16
13456,2011-06,2011-11,4,1559.06
18041,2011-07,2011-11,4,1447.38
12500,2010-09,2011-03,4,1435.05
14719,2011-06,2011-12,4,1378.67
16996,2011-03,2011-11,4,1329.42
16156,2010-11,2011-05,4,1323.79
16791,2011-05,2011-11,4,1314.5
16770,2010-09,2010-12,4,1249.77
17612,2010-01,2010-06,4,1214.1
12997,2010-05,2011-01,4,1186.62
14404,2010-12,2011-06,4,1171.76
12775,2011-02,2011-06,4,1164.68
13571,2010-08,2010-11,4,911.54
17180,2010-03,2010-06,4,893.73
13427,2010-06,2011-08,4,792.79
15134,2011-05,2011-09,4,787.45
14560,2011-07,2011-10,4,729.69
12877,2011-03,2011-06,4,629.37
14173,2010-03,2011-11,4,562.4
17450,2011-07,2011-09,3,100017.24
14096,2011-09,2011-11,3,56206.97
15061,2010-10,2010-12,3,49705.95
14156,2011-05,2011-07,3,41634.96
16684,2011-05,2011-10,3,34414.98
14911,2011-05,2011-07,3,32978.46
17511,2010-07,2010-09,3,24840.74
17511,2010-03,2010-05,3,19868.96
17389,2010-08,2010-11,3,19371.18
13093,2010-08,2010-10,3,18400.22
17841,2011-09,2011-11,3,16070.22
16210,2010-10,2010-12,3,15919.17
18251,2010-04,2010-09,3,15853.65
14298,2010-02,2010-05,3,15738.93
15061,2011-09,2011-11,3,14063.28
12748,2010-10,2010-12,3,13363.37
15311,2010-11,2011-01,3,13178.06
14298,2010-08,2010-10,3,12409.28
16705,2010-06,2010-09,3,12243.98
12753,2011-04,2011-11,3,12088.26
13098,2011-08,2011-10,3,10954.02
12433,2010-09,2010-12,3,10840.11
13767,2010-10,2010-12,3,10503.6
16191,2010-06,2010-11,3,10158.9
17920,2010-03,2010-05,3,10150.18
17841,2010-10,2010-12,3,10035.3
17340,2010-09,2010-12,3,9682.98
14680,2010-01,2010-03,3,9499.14
12709,2010-01,2010-04,3,8980.9
13093,2010-04,2010-06,3,8620.15
12471,2010-09,2010-11,3,8395.91
12435,2010-08,2011-03,3,8338.15
15039,2011-04,2011-06,3,7318.08
12798,2011-06,2011-11,3,6977.04
13798,2011-08,2011-10,3,6905.3
17675,2011-06,2011-08,3,6568.04
13098,2011-03,2011-05,3,6310.01
12476,2010-09,2010-11,3,6067.25
16532,2010-10,2011-07,3,5663.04
14769,2011-01,2011-05,3,5490.34
16126,2011-06,2011-11,3,5396.42
13324,2011-04,2011-09,3,5327.23
12901,2011-09,2011-11,3,5235.07
14258,2011-05,2011-09,3,5231.72
16126,2010-08,2010-11,3,5177.09
16652,2011-05,2011-10,3,5160.31
13319,2010-10,2010-12,3,5109.06
13316,2010-11,2011-07,3,5096.21
15903,2011-04,2011-11,3,4965.48
12939,2010-04,2010-07,3,4879.62
16182,2011-02,2011-08,3,4844.0
16303,2010-11,2011-08,3,4797.93
12406,2010-11,2011-11,3,4761.16
16782,2010-09,2010-11,3,4475.77
17389,2010-04,2010-06,3,4446.12
12626,2011-07,2011-10,3,4279.67
14667,2011-08,2011-11,3,4250.96
13709,2011-06,2011-10,3,4240.77
13001,2010-03,2010-05,3,4158.25
13767,2011-02,2011-05,3,4131.05
17675,2010-05,2010-07,3,4097.51
16779,2011-08,2011-11,3,3956.81
13815,2010-10,2011-06,3,3872.15
18092,2011-08,2011-11,3,3836.38
17672,2010-10,2011-10,3,3833.49
15903,2010-08,2010-11,3,3773.28
15640,2010-02,2010-06,3,3758.95
14739,2010-09,2010-12,3,3737.28
12683,2010-05,2010-12,3,3725.63
16187,2011-06,2011-09,3,3717.55
13319,2011-09,2011-11,3,3639.38
14390,2011-07,2011-11,3,3616.74
17584,2010-04,2010-08,3,3605.07
12471,2011-05,2011-08,3,3600.28
15078,2010-09,2010-12,3,3513.27
15465,2011-02,2011-04,3,3511.26
16656,2011-04,2011-07,3,3500.92
15194,2010-10,2010-12,3,3412.08
14194,2011-02,2011-05,3,3407.87
15601,2010-09,2010-12,3,3288.51
14292,2010-07,2010-10,3,3253.29
18172,2011-08,2011-11,3,3251.8
16767,2010-08,2011-01,3,3193.36
14016,2010-03,2010-07,3,3180.53
14299,2010-07,2010-09,3,3113.58
12540,2010-08,2010-10,3,3072.04
14101,2011-01,2011-03,3,3068.63
17364,2010-03,2010-06,3,3009.6
14110,2010-03,2010-05,3,3007.33
17338,2011-07,2011-11,3,3000.68
12949,2010-03,2010-07,3,2996.6
17597,2010-08,2011-05,3,2992.17
14667,2010-06,2010-08,3,2985.27
13468,2010-10,2010-12,3,2976.62
16713,2011-09,2011-11,3,2952.36
12362,2011-08,2011-10,3,2941.15
15791,2010-04,2011-05,3,2911.56
16258,2010-04,2010-08,3,2898.66
14051,2011-02,2011-04,3,2889.22
13107,2010-04,2010-09,3,2881.15
12490,2011-08,2011-11,3,2862.92
17811,2011-09,2011-11,3,2831.89
13869,2011-01,2011-08,3,2781.33
13141,2010-05,2010-09,3,2777.57
14113,2010-09,2010-11,3,2761.3
14882,2010-06,2010-11,3,2754.35
17173,2011-08,2011-11,3,2746.62
14527,2011-09,2011-11,3,2740.47
13225,2011-07,2011-12,3,2721.96
12643,2010-09,2010-11,3,2686.38
16839,2010-08,2010-10,3,2669.5
16242,2011-06,2011-11,3,2661.4
15057,2010-03,2011-01,3,2593.36
15514,2010-09,2010-12,3,2572.85
17365,2010-05,2010-10,3,2536.15
15694,2011-05,2011-10,3,2520.76
12360,2010-05,2011-05,3,2516.41
16563,2010-06,2010-11,3,2493.6
15179,2010-10,2011-01,3,2485.86
12989,2010-02,2010-04,3,2481.8
17679,2010-03,2011-09,3,2458.6
15805,2011-06,2011-10,3,2442.38
16081,2011-03,2011-09,3,2434.32
13319,2011-04,2011-06,3,2388.36
12857,2010-04,2010-09,3,2377.0
16103,2010-06,2010-08,3,2369.69
12841,2010-09,2010-11,3,2355.9
13979,2010-03,2010-11,3,2342.58
17146,2010-06,2010-08,3,2326.51
14461,2010-03,2010-07,3,2315.18
13050,2010-08,2010-10,3,2313.28
13263,2011-08,2011-10,3,2298.45
12867,2011-06,2011-11,3,2298.28
14593,2010-03,2010-11,3,2294.27
13488,2011-08,2011-10,3,2292.15
12913,2010-05,2010-11,3,2278.01
14505,2010-03,2010-06,3,2275.84
16279,2010-06,2010-08,3,2265.12
16186,2011-07,2011-10,3,2246.79
13115,2010-06,2010-11,3,2240.88
14625,2010-08,2010-11,3,2229.83
16746,2011-04,2011-07,3,2213.77
13137,2011-09,2011-11,3,2192.66
16986,2010-05,2011-11,3,2187.4
15805,2010-08,2010-10,3,2175.68
15443,2011-09,2011-11,3,2172.6
15633,2010-01,2010-03,3,2153.64
13136,2011-05,2011-09,3,2148.08
13464,2010-08,2010-11,3,2123.62
15078,2010-03,2010-05,3,2107.82
14700,2010-10,2011-06,3,2097.19
12474,2010-07,2010-09,3,2085.13
12720,2011-09,2011-11,3,2084.76
15812,2010-03,2010-06,3,2069.74
13451,2011-03,2011-08,3,2061.9
16814,2011-03,2011-05,3,2052.75
15218,2011-05,2011-07,3,2050.54
16712,2011-08,2011-11,3,2047.28
17567,2011-07,2011-10,3,2039.51
13317,2011-04,2011-10,3,2035.63
17858,2010-07,2010-09,3,2032.02
14667,2011-04,2011-06,3,2028.42
12836,2010-10,2011-02,3,2019.69
12840,2010-06,2011-04,3,2019.27
15971,2010-10,2011-02,3,2018.7
17739,2010-08,2010-11,3,2000.84
12782,2010-09,2010-11,3,1999.22
15555,2011-09,2011-11,3,1985.23
15547,2010-08,2010-11,3,1980.99
14849,2011-04,2011-06,3,1969.62
16710,2010-10,2010-12,3,1926.44
13468,2011-02,2011-04,3,1913.27
14525,2010-04,2010-08,3,1900.47
15867,2010-02,2010-04,3,1899.75
15722,2011-06,2011-11,3,1898.51
13985,2010-05,2010-10,3,1881.73
14817,2010-07,2010-11,3,1862.14
15410,2011-03,2011-05,3,1800.89
17449,2010-10,2010-12,3,1796.43
12562,2011-10,2011-12,3,1787.87
15569,2010-04,2010-10,3,1762.77
16523,2010-04,2010-10,3,1762.73
13969,2011-04,2011-06,3,1741.8
16150,2010-07,2010-12,3,1741.67
14527,2011-05,2011-07,3,1737.34
13267,2011-08,2011-11,3,1732.7
14530,2010-03,2010-06,3,1721.75
14415,2011-08,2011-10,3,1718.08
16218,2010-09,2010-12,3,1713.39
14388,2011-08,2011-11,3,1712.88
13842,2010-09,2010-12,3,1710.55
12619,2011-03,2011-07,3,1709.34
16571,2010-08,2010-11,3,1709.05
13999,2010-02,2010-05,3,1707.91
14555,2010-05,2010-11,3,1700.84
15529,2011-05,2011-09,3,1697.28
13183,2010-06,2010-09,3,1697.26
18109,2010-10,2010-12,3,1693.01
16701,2010-05,2010-07,3,1677.48
15985,2010-08,2011-04,3,1676.54
14408,2011-04,2011-08,3,1645.71
15105,2010-10,2011-09,3,1642.14
17091,2010-11,2011-01,3,1636.7
16416,2010-10,2011-10,3,1633.99
15189,2010-10,2011-01,3,1630.59
17552,2010-09,2011-09,3,1608.48
15625,2010-08,2011-04,3,1586.2
16592,2010-04,2010-06,3,1586.08
14735,2010-01,2010-03,3,1578.35
18118,2011-09,2011-11,3,1573.56
16156,2010-06,2010-09,3,1573.0
13576,2010-09,2010-12,3,1561.15
15620,2010-12,2011-10,3,1553.18
15854,2010-07,2010-11,3,1552.34
12712,2011-02,2011-05,3,1546.2
12909,2010-05,2011-03,3,1543.86
13157,2011-04,2011-10,3,1543.4
16145,2010-07,2010-10,3,1542.03
13481,2010-07,2011-03,3,1535.52
14388,2010-10,2010-12,3,1532.81
12971,2010-01,2010-04,3,1527.7
16889,2010-11,2011-04,3,1527.05
17238,2011-10,2011-12,3,1520.42
15716,2010-08,2010-12,3,1502.74
12726,2011-06,2011-11,3,1497.82
17001,2010-08,2010-11,3,1485.86
15044,2011-04,2011-06,3,1483.17
14702,2010-11,2011-01,3,1482.87
16520,2010-04,2010-12,3,1479.95
16628,2011-07,2011-11,3,1475.14
13880,2011-06,2011-09,3,1474.39
14897,2010-04,2010-10,3,1473.0
17696,2011-03,2011-07,3,1464.17
18022,2010-10,2011-11,3,1452.98
17469,2010-04,2010-07,3,1449.04
15015,2010-02,2010-04,3,1426.54
16153,2011-06,2011-10,3,1422.32
15632,2011-07,2011-10,3,1422.3
16592,2011-05,2011-07,3,1411.58
18061,2010-03,2010-05,3,1407.91
14496,2010-10,2010-12,3,1402.02
12755,2010-02,2010-07,3,1397.76
12553,2011-08,2011-11,3,1395.89
16400,2010-04,2010-07,3,1390.47
15658,2010-07,2010-12,3,1383.92
17682,2011-07,2011-11,3,1366.92
13611,2010-06,2010-11,3,1365.86
13230,2011-02,2011-04,3,1365.84
13761,2010-07,2011-10,3,1362.77
15518,2010-01,2010-05,3,1362.47
15858,2010-01,2010-06,3,1354.56
16201,2011-08,2011-11,3,1354.07
17873,2010-05,2010-08,3,1349.61
15752,2011-08,2011-10,3,1348.95
16497,2010-04,2010-06,3,1346.04
16607,2010-07,2010-10,3,1339.27
17091,2010-02,2010-06,3,1338.86
17978,2010-01,2010-12,3,1338.66
14688,2011-07,2011-09,3,1337.33
16950,2010-07,2010-10,3,1337.08
13750,2010-06,2010-11,3,1334.16
14543,2011-01,2011-03,3,1331.65
13434,2010-09,2011-09,3,1327.68
16477,2011-05,2011-10,3,1318.25
16814,2011-07,2011-09,3,1310.38
17754,2011-07,2011-11,3,1307.03
17920,2011-09,2011-11,3,1306.21
12594,2010-06,2010-10,3,1302.55
18178,2011-02,2011-08,3,1290.16
12395,2011-08,2011-11,3,1285.01
13929,2010-02,2010-05,3,1282.82
17191,2011-06,2011-11,3,1274.25
18122,2011-09,2011-11,3,1265.26
12951,2010-07,2010-11,3,1263.2
13426,2010-06,2010-09,3,1261.01
16823,2010-03,2010-10,3,1254.54
17646,2010-09,2010-12,3,1253.32
13029,2010-12,2011-11,3,1247.5
12872,2010-10,2010-12,3,1246.2
16393,2010-07,2010-11,3,1243.36
16493,2011-02,2011-09,3,1223.83
14191,2010-11,2011-06,3,1222.6
14035,2010-05,2010-10,3,1214.37
15549,2010-06,2011-01,3,1214.15
14584,2010-10,2011-06,3,1206.66
18077,2010-08,2010-12,3,1198.31
16905,2010-10,2010-12,3,1196.72
13203,2010-06,2010-10,3,1188.37
14621,2011-06,2011-11,3,1179.8
14702,2011-08,2011-10,3,1178.65
12836,2010-02,2010-04,3,1178.44
14511,2011-09,2011-11,3,1176.65
12935,2010-11,2011-05,3,1176.26
17512,2011-07,2011-10,3,1170.89
14395,2010-10,2010-12,3,1169.79
16912,2011-01,2011-05,3,1165.66
13214,2010-06,2010-09,3,1164.73
17402,2011-04,2011-08,3,1160.58
18106,2010-02,2011-01,3,1157.15
17231,2010-03,2010-05,3,1155.91
15443,2010-07,2011-01,3,1151.74
12747,2010-04,2010-06,3,1146.9
12955,2011-06,2011-09,3,1145.94
13648,2010-02,2010-08,3,1141.13
17191,2010-01,2010-06,3,1140.16
15854,2011-02,2011-05,3,1140.09
14262,2011-07,2011-09,3,1139.3
16700,2010-07,2010-09,3,1132.39
14211,2010-01,2010-06,3,1130.71
17288,2011-04,2011-11,3,1129.21
16634,2010-03,2010-11,3,1128.11
15380,2010-06,2010-12,3,1121.16
14276,2011-02,2011-09,3,1119.74
15339,2010-03,2010-10,3,1118.37
13813,2010-02,2010-06,3,1115.46
13756,2010-05,2010-09,3,1113.93
15796,2010-09,2010-11,3,1106.61
15719,2010-07,2010-09,3,1104.52
16103,2010-02,2010-04,3,1099.33
15172,2011-07,2011-12,3,1097.85
13643,2010-08,2010-11,3,1085.78
17218,2011-05,2011-11,3,1076.4
13875,2011-02,2011-06,3,1067.88
14550,2010-11,2011-11,3,1063.8
17211,2011-06,2011-11,3,1063.28
13650,2010-11,2011-05,3,1056.12
15822,2010-08,2011-12,3,1054.77
16625,2010-08,2010-10,3,1050.95
17388,2010-06,2010-10,3,1047.6
15325,2010-05,2010-11,3,1046.92
17346,2010-10,2010-12,3,1035.99
18220,2010-05,2010-09,3,1033.2
14704,2011-07,2011-10,3,1024.74
16470,2010-06,2010-09,3,1015.02
15329,2010-11,2011-07,3,1010.85
17228,2011-05,2011-10,3,1009.18
15272,2010-09,2011-10,3,1004.31
14189,2011-03,2011-05,3,990.58
15059,2010-06,2010-10,3,976.8
15312,2010-03,2010-09,3,975.45
18276,2010-10,2011-10,3,972.85
13249,2010-11,2011-09,3,965.09
14672,2010-07,2011-04,3,957.28
12872,2010-02,2010-05,3,946.2
17372,2010-09,2010-11,3,936.07
17884,2010-10,2010-12,3,934.86
16407,2011-05,2011-08,3,929.28
13862,2011-06,2011-08,3,928.99
15967,2010-02,2010-06,3,926.52
17262,2010-05,2010-08,3,926.4
14608,2010-07,2010-11,3,917.4
14560,2010-10,2010-12,3,911.0
13719,2011-05,2011-11,3,908.78
14099,2011-03,2011-06,3,906.54
14659,2011-06,2011-09,3,902.85
13662,2011-03,2011-09,3,897.76
16607,2011-04,2011-07,3,894.57
12576,2011-07,2011-11,3,894.18
16348,2011-08,2011-11,3,886.13
17908,2010-07,2010-12,3,885.92
17913,2010-06,2010-08,3,874.84
18177,2011-04,2011-07,3,868.77
14224,2011-01,2011-07,3,863.5
14651,2010-10,2011-05,3,860.92
17135,2010-08,2010-12,3,856.31
17576,2011-02,2011-04,3,852.06
16168,2011-03,2011-05,3,848.31
12600,2010-09,2010-11,3,828.46
15110,2011-08,2011-11,3,826.45
16949,2011-03,2011-06,3,819.33
15580,2010-08,2010-11,3,810.61
18151,2010-10,2011-07,3,809.45
16458,2011-04,2011-06,3,802.6
14810,2011-05,2011-08,3,787.53
16877,2011-07,2011-11,3,775.97
18149,2010-10,2011-05,3,774.28
13743,2011-05,2011-08,3,770.4
14898,2011-02,2011-07,3,755.6
16660,2010-09,2011-01,3,752.9
16895,2010-03,2010-09,3,751.89
16119,2010-10,2011-09,3,727.79
16225,2010-04,2010-08,3,716.47
17929,2011-02,2011-08,3,707.0
16719,2011-02,2011-07,3,703.25
18219,2011-04,2011-06,3,696.91
14157,2010-10,2011-02,3,694.22
14681,2010-03,2011-05,3,691.7
18135,2011-06,2011-11,3,681.91
13561,2010-04,2010-06,3,675.18
16241,2011-06,2011-08,3,673.91
16817,2011-04,2011-06,3,663.88
12523,2011-04,2011-08,3,656.31
15287,2010-09,2011-09,3,652.12
14878,2011-03,2011-06,3,649.13
15164,2010-07,2010-11,3,643.02
14942,2010-03,2010-11,3,637.21
17227,2010-09,2010-12,3,625.96
13711,2010-05,2011-05,3,608.95
14623,2011-04,2011-08,3,608.71
13026,2011-03,2011-09,3,604.2
13305,2011-03,2011-07,3,602.3
18036,2010-01,2010-07,3,600.78
15827,2011-05,2011-07,3,578.07
13487,2010-07,2011-05,3,576.32
16600,2011-09,2011-12,3,576.06
16774,2011-06,2011-08,3,542.2
17281,2010-05,2010-09,3,525.3
16905,2010-02,2010-04,3,516.46
13623,2011-04,2011-11,3,490.43
13104,2011-03,2011-09,3,477.24
13782,2010-08,2011-01,3,452.32
16948,2011-01,2011-07,3,435.02
17323,2010-10,2011-05,3,428.86
15920,2010-06,2011-07,3,407.15
13249,2010-03,2010-06,3,398.32
16321,2011-01,2011-09,3,373.65
16690,2010-11,2011-09,3,307.23
17961,2010-03,2010-05,3,301.62
16158,2010-02,2010-04,3,252.95
16668,2011-02,2011-06,3,196.74
